{
  "last_id": 0,
  "list": [
    {
      "order_id": "1",
      "foods": [
        {
          "name": "鲜枣馍",
          "describe": "等4件商品",
          "price": "12.00",
          "date": "2017-07-14",
          "time": "11:30",
          "money": 48
        }
      ],
      "taken": false
    },
    {
      "order_id": "1",
      "foods": [
        {
          "name": "芝士火腿包",
          "describe": "等2件商品",
          "price": "14.00",
          "date": "2017-07-16",
          "time": "12:30",
          "money": 28
        }
      ],
      "taken": true
    }
  ]
}